"Guid","Subcategory","EventID","SourceUrl","Fetched"
"0CCE9217-69AE-11D9-BED3-505054503030","Account Lockout","4625","https://learn.microsoft.com/windows/security/threat-protection/auditing/audit-account-lockout","2026-09-04"
"0CCE922F-69AE-11D9-BED3-505054503030","Audit Policy Change","4715","https://learn.microsoft.com/windows/security/threat-protection/auditing/audit-audit-policy-change","2026-09-04"
"0CCE922F-69AE-11D9-BED3-505054503030","Audit Policy Change","4719","https://learn.microsoft.com/windows/security/threat-protection/auditing/audit-audit-policy-change","2026-09-04"
"0CCE922F-69AE-11D9-BED3-505054503030","Audit Policy Change","4817","https://learn.microsoft.com/windows/security/threat-protection/auditing/audit-audit-policy-change","2026-09-04"
"0CCE922F-69AE-11D9-BED3-505054503030","Audit Policy Change","4902","https://learn.microsoft.com/windows/security/threat-protection/auditing/audit-audit-policy-change","2026-09-04"
"0CCE922F-69AE-11D9-BED3-505054503030","Audit Policy Change","4904","https://learn.microsoft.com/windows/security/threat-protection/auditing/audit-audit-policy-change","2026-09-04"
"0CCE922F-69AE-11D9-BED3-505054503030","Audit Policy Change","4905","https://learn.microsoft.com/windows/security/threat-protection/auditing/audit-audit-policy-change","2026-09-04"
"0CCE922F-69AE-11D9-BED3-505054503030","Audit Policy Change","4906","https://learn.microsoft.com/windows/security/threat-protection/auditing/audit-audit-policy-change","2026-09-04"
"0CCE922F-69AE-11D9-BED3-505054503030","Audit Policy Change","4907","https://learn.microsoft.com/windows/security/threat-protection/auditing/audit-audit-policy-change","2026-09-04"
"0CCE922F-69AE-11D9-BED3-505054503030","Audit Policy Change","4908","https://learn.microsoft.com/windows/security/threat-protection/auditing/audit-audit-policy-change","2026-09-04"
"0CCE922F-69AE-11D9-BED3-505054503030","Audit Policy Change","4912","https://learn.microsoft.com/windows/security/threat-protection/auditing/audit-audit-policy-change","2026-09-04"
"0CCE9230-69AE-11D9-BED3-505054503030","Authentication Policy Change","4670","https://learn.microsoft.com/windows/security/threat-protection/auditing/audit-authentication-policy-change","2026-09-04"
"0CCE9230-69AE-11D9-BED3-505054503030","Authentication Policy Change","4706","https://learn.microsoft.com/windows/security/threat-protection/auditing/audit-authentication-policy-change","2026-09-04"
"0CCE9230-69AE-11D9-BED3-505054503030","Authentication Policy Change","4707","https://learn.microsoft.com/windows/security/threat-protection/auditing/audit-authentication-policy-change","2026-09-04"
"0CCE9230-69AE-11D9-BED3-505054503030","Authentication Policy Change","4713","https://learn.microsoft.com/windows/security/threat-protection/auditing/audit-authentication-policy-change","2026-09-04"
"0CCE9230-69AE-11D9-BED3-505054503030","Authentication Policy Change","4716","https://learn.microsoft.com/windows/security/threat-protection/auditing/audit-authentication-policy-change","2026-09-04"
"0CCE9230-69AE-11D9-BED3-505054503030","Authentication Policy Change","4717","https://learn.microsoft.com/windows/security/threat-protection/auditing/audit-authentication-policy-change","2026-09-04"
"0CCE9230-69AE-11D9-BED3-505054503030","Authentication Policy Change","4718","https://learn.microsoft.com/windows/security/threat-protection/auditing/audit-authentication-policy-change","2026-09-04"
"0CCE9230-69AE-11D9-BED3-505054503030","Authentication Policy Change","4739","https://learn.microsoft.com/windows/security/threat-protection/auditing/audit-authentication-policy-change","2026-09-04"
"0CCE9230-69AE-11D9-BED3-505054503030","Authentication Policy Change","4864","https://learn.microsoft.com/windows/security/threat-protection/auditing/audit-authentication-policy-change","2026-09-04"
"0CCE9230-69AE-11D9-BED3-505054503030","Authentication Policy Change","4865","https://learn.microsoft.com/windows/security/threat-protection/auditing/audit-authentication-policy-change","2026-09-04"
"0CCE9230-69AE-11D9-BED3-505054503030","Authentication Policy Change","4866","https://learn.microsoft.com/windows/security/threat-protection/auditing/audit-authentication-policy-change","2026-09-04"
"0CCE9230-69AE-11D9-BED3-505054503030","Authentication Policy Change","4867","https://learn.microsoft.com/windows/security/threat-protection/auditing/audit-authentication-policy-change","2026-09-04"
"0CCE9221-69AE-11D9-BED3-505054503030","Certification Services","4868","https://learn.microsoft.com/windows/security/threat-protection/auditing/audit-certification-services","2026-09-04"
"0CCE9221-69AE-11D9-BED3-505054503030","Certification Services","4869","https://learn.microsoft.com/windows/security/threat-protection/auditing/audit-certification-services","2026-09-04"
"0CCE9221-69AE-11D9-BED3-505054503030","Certification Services","4870","https://learn.microsoft.com/windows/security/threat-protection/auditing/audit-certification-services","2026-09-04"
"0CCE9221-69AE-11D9-BED3-505054503030","Certification Services","4871","https://learn.microsoft.com/windows/security/threat-protection/auditing/audit-certification-services","2026-09-04"
"0CCE9221-69AE-11D9-BED3-505054503030","Certification Services","4872","https://learn.microsoft.com/windows/security/threat-protection/auditing/audit-certification-services","2026-09-04"
"0CCE9221-69AE-11D9-BED3-505054503030","Certification Services","4873","https://learn.microsoft.com/windows/security/threat-protection/auditing/audit-certification-services","2026-09-04"
"0CCE9221-69AE-11D9-BED3-505054503030","Certification Services","4874","https://learn.microsoft.com/windows/security/threat-protection/auditing/audit-certification-services","2026-09-04"
"0CCE9221-69AE-11D9-BED3-505054503030","Certification Services","4875","https://learn.microsoft.com/windows/security/threat-protection/auditing/audit-certification-services","2026-09-04"
"0CCE9221-69AE-11D9-BED3-505054503030","Certification Services","4876","https://learn.microsoft.com/windows/security/threat-protection/auditing/audit-certification-services","2026-09-04"
"0CCE9221-69AE-11D9-BED3-505054503030","Certification Services","4877","https://learn.microsoft.com/windows/security/threat-protection/auditing/audit-certification-services","2026-09-04"
"0CCE9221-69AE-11D9-BED3-505054503030","Certification Services","4878","https://learn.microsoft.com/windows/security/threat-protection/auditing/audit-certification-services","2026-09-04"
"0CCE9221-69AE-11D9-BED3-505054503030","Certification Services","4879","https://learn.microsoft.com/windows/security/threat-protection/auditing/audit-certification-services","2026-09-04"
"0CCE9221-69AE-11D9-BED3-505054503030","Certification Services","4880","https://learn.microsoft.com/windows/security/threat-protection/auditing/audit-certification-services","2026-09-04"
"0CCE9221-69AE-11D9-BED3-505054503030","Certification Services","4881","https://learn.microsoft.com/windows/security/threat-protection/auditing/audit-certification-services","2026-09-04"
"0CCE9221-69AE-11D9-BED3-505054503030","Certification Services","4882","https://learn.microsoft.com/windows/security/threat-protection/auditing/audit-certification-services","2026-09-04"
"0CCE9221-69AE-11D9-BED3-505054503030","Certification Services","4883","https://learn.microsoft.com/windows/security/threat-protection/auditing/audit-certification-services","2026-09-04"
"0CCE9221-69AE-11D9-BED3-505054503030","Certification Services","4884","https://learn.microsoft.com/windows/security/threat-protection/auditing/audit-certification-services","2026-09-04"
"0CCE9221-69AE-11D9-BED3-505054503030","Certification Services","4885","https://learn.microsoft.com/windows/security/threat-protection/auditing/audit-certification-services","2026-09-04"
"0CCE9221-69AE-11D9-BED3-505054503030","Certification Services","4886","https://learn.microsoft.com/windows/security/threat-protection/auditing/audit-certification-services","2026-09-04"
"0CCE9221-69AE-11D9-BED3-505054503030","Certification Services","4887","https://learn.microsoft.com/windows/security/threat-protection/auditing/audit-certification-services","2026-09-04"
"0CCE9221-69AE-11D9-BED3-505054503030","Certification Services","4888","https://learn.microsoft.com/windows/security/threat-protection/auditing/audit-certification-services","2026-09-04"
"0CCE9221-69AE-11D9-BED3-505054503030","Certification Services","4889","https://learn.microsoft.com/windows/security/threat-protection/auditing/audit-certification-services","2026-09-04"
"0CCE9221-69AE-11D9-BED3-505054503030","Certification Services","4890","https://learn.microsoft.com/windows/security/threat-protection/auditing/audit-certification-services","2026-09-04"
"0CCE9221-69AE-11D9-BED3-505054503030","Certification Services","4891","https://learn.microsoft.com/windows/security/threat-protection/auditing/audit-certification-services","2026-09-04"
"0CCE9221-69AE-11D9-BED3-505054503030","Certification Services","4892","https://learn.microsoft.com/windows/security/threat-protection/auditing/audit-certification-services","2026-09-04"
"0CCE9221-69AE-11D9-BED3-505054503030","Certification Services","4893","https://learn.microsoft.com/windows/security/threat-protection/auditing/audit-certification-services","2026-09-04"
"0CCE9221-69AE-11D9-BED3-505054503030","Certification Services","4894","https://learn.microsoft.com/windows/security/threat-protection/auditing/audit-certification-services","2026-09-04"
"0CCE9221-69AE-11D9-BED3-505054503030","Certification Services","4895","https://learn.microsoft.com/windows/security/threat-protection/auditing/audit-certification-services","2026-09-04"
"0CCE9221-69AE-11D9-BED3-505054503030","Certification Services","4896","https://learn.microsoft.com/windows/security/threat-protection/auditing/audit-certification-services","2026-09-04"
"0CCE9221-69AE-11D9-BED3-505054503030","Certification Services","4897","https://learn.microsoft.com/windows/security/threat-protection/auditing/audit-certification-services","2026-09-04"
"0CCE9221-69AE-11D9-BED3-505054503030","Certification Services","4898","https://learn.microsoft.com/windows/security/threat-protection/auditing/audit-certification-services","2026-09-04"
"0CCE9221-69AE-11D9-BED3-505054503030","Certification Services","4899","https://www.microsoft.com/download/details.aspx?id=52630","2026-09-04"
"0CCE9221-69AE-11D9-BED3-505054503030","Certification Services","4900","https://www.microsoft.com/download/details.aspx?id=52630","2026-09-04"
"0CCE9236-69AE-11D9-BED3-505054503030","Computer Account Management","4741","https://learn.microsoft.com/windows/security/threat-protection/auditing/audit-computer-account-management","2026-09-04"
"0CCE9236-69AE-11D9-BED3-505054503030","Computer Account Management","4742","https://learn.microsoft.com/windows/security/threat-protection/auditing/audit-computer-account-management","2026-09-04"
"0CCE9236-69AE-11D9-BED3-505054503030","Computer Account Management","4743","https://learn.microsoft.com/windows/security/threat-protection/auditing/audit-computer-account-management","2026-09-04"
"0CCE923F-69AE-11D9-BED3-505054503030","Credential Validation","4774","https://learn.microsoft.com/windows/security/threat-protection/auditing/audit-credential-validation","2026-09-04"
"0CCE923F-69AE-11D9-BED3-505054503030","Credential Validation","4775","https://learn.microsoft.com/windows/security/threat-protection/auditing/audit-credential-validation","2026-09-04"
"0CCE923F-69AE-11D9-BED3-505054503030","Credential Validation","4776","https://learn.microsoft.com/windows/security/threat-protection/auditing/audit-credential-validation","2026-09-04"
"0CCE923F-69AE-11D9-BED3-505054503030","Credential Validation","4777","https://learn.microsoft.com/windows/security/threat-protection/auditing/audit-credential-validation","2026-09-04"
"0CCE923B-69AE-11D9-BED3-505054503030","Directory Service Access","4661","https://learn.microsoft.com/windows/security/threat-protection/auditing/audit-directory-service-access","2026-09-04"
"0CCE923B-69AE-11D9-BED3-505054503030","Directory Service Access","4662","https://learn.microsoft.com/windows/security/threat-protection/auditing/audit-directory-service-access","2026-09-04"
"0CCE923C-69AE-11D9-BED3-505054503030","Directory Service Changes","5136","https://learn.microsoft.com/windows/security/threat-protection/auditing/audit-directory-service-changes","2026-09-04"
"0CCE923C-69AE-11D9-BED3-505054503030","Directory Service Changes","5137","https://learn.microsoft.com/windows/security/threat-protection/auditing/audit-directory-service-changes","2026-09-04"
"0CCE923C-69AE-11D9-BED3-505054503030","Directory Service Changes","5138","https://learn.microsoft.com/windows/security/threat-protection/auditing/audit-directory-service-changes","2026-09-04"
"0CCE923C-69AE-11D9-BED3-505054503030","Directory Service Changes","5139","https://learn.microsoft.com/windows/security/threat-protection/auditing/audit-directory-service-changes","2026-09-04"
"0CCE923C-69AE-11D9-BED3-505054503030","Directory Service Changes","5141","https://learn.microsoft.com/windows/security/threat-protection/auditing/audit-directory-service-changes","2026-09-04"
"0CCE9238-69AE-11D9-BED3-505054503030","Distribution Group Management","4744","https://learn.microsoft.com/windows/security/threat-protection/auditing/audit-distribution-group-management","2026-09-04"
"0CCE9238-69AE-11D9-BED3-505054503030","Distribution Group Management","4745","https://learn.microsoft.com/windows/security/threat-protection/auditing/audit-distribution-group-management","2026-09-04"
"0CCE9238-69AE-11D9-BED3-505054503030","Distribution Group Management","4746","https://learn.microsoft.com/windows/security/threat-protection/auditing/audit-distribution-group-management","2026-09-04"
"0CCE9238-69AE-11D9-BED3-505054503030","Distribution Group Management","4747","https://learn.microsoft.com/windows/security/threat-protection/auditing/audit-distribution-group-management","2026-09-04"
"0CCE9238-69AE-11D9-BED3-505054503030","Distribution Group Management","4748","https://learn.microsoft.com/windows/security/threat-protection/auditing/audit-distribution-group-management","2026-09-04"
"0CCE9238-69AE-11D9-BED3-505054503030","Distribution Group Management","4749","https://learn.microsoft.com/windows/security/threat-protection/auditing/audit-distribution-group-management","2026-09-04"
"0CCE9238-69AE-11D9-BED3-505054503030","Distribution Group Management","4750","https://learn.microsoft.com/windows/security/threat-protection/auditing/audit-distribution-group-management","2026-09-04"
"0CCE9238-69AE-11D9-BED3-505054503030","Distribution Group Management","4751","https://learn.microsoft.com/windows/security/threat-protection/auditing/audit-distribution-group-management","2026-09-04"
"0CCE9238-69AE-11D9-BED3-505054503030","Distribution Group Management","4752","https://learn.microsoft.com/windows/security/threat-protection/auditing/audit-distribution-group-management","2026-09-04"
"0CCE9238-69AE-11D9-BED3-505054503030","Distribution Group Management","4753","https://learn.microsoft.com/windows/security/threat-protection/auditing/audit-distribution-group-management","2026-09-04"
"0CCE9238-69AE-11D9-BED3-505054503030","Distribution Group Management","4759","https://learn.microsoft.com/windows/security/threat-protection/auditing/audit-distribution-group-management","2026-09-04"
"0CCE9238-69AE-11D9-BED3-505054503030","Distribution Group Management","4760","https://learn.microsoft.com/windows/security/threat-protection/auditing/audit-distribution-group-management","2026-09-04"
"0CCE9238-69AE-11D9-BED3-505054503030","Distribution Group Management","4761","https://learn.microsoft.com/windows/security/threat-protection/auditing/audit-distribution-group-management","2026-09-04"
"0CCE9238-69AE-11D9-BED3-505054503030","Distribution Group Management","4762","https://learn.microsoft.com/windows/security/threat-protection/auditing/audit-distribution-group-management","2026-09-04"
"0CCE9238-69AE-11D9-BED3-505054503030","Distribution Group Management","4763","https://learn.microsoft.com/windows/security/threat-protection/auditing/audit-distribution-group-management","2026-09-04"
"0CCE9238-69AE-11D9-BED3-505054503030","Distribution Group Management","4764","https://learn.microsoft.com/windows/security/threat-protection/auditing/audit-distribution-group-management","2026-09-04"
"ALWAYS","Eventlog service (always on)","1100","https://learn.microsoft.com/windows/security/threat-protection/auditing/other-events","2026-09-04"
"ALWAYS","Eventlog service (always on)","1102","https://learn.microsoft.com/windows/security/threat-protection/auditing/other-events","2026-09-04"
"ALWAYS","Eventlog service (always on)","1104","https://learn.microsoft.com/windows/security/threat-protection/auditing/other-events","2026-09-04"
"ALWAYS","Eventlog service (always on)","1105","https://learn.microsoft.com/windows/security/threat-protection/auditing/other-events","2026-09-04"
"ALWAYS","Eventlog service (always on)","1108","https://learn.microsoft.com/windows/security/threat-protection/auditing/other-events","2026-09-04"
"0CCE9224-69AE-11D9-BED3-505054503030","File Share","5140","https://learn.microsoft.com/windows/security/threat-protection/auditing/audit-file-share","2026-09-04"
"0CCE9224-69AE-11D9-BED3-505054503030","File Share","5142","https://learn.microsoft.com/windows/security/threat-protection/auditing/audit-file-share","2026-09-04"
"0CCE9224-69AE-11D9-BED3-505054503030","File Share","5143","https://learn.microsoft.com/windows/security/threat-protection/auditing/audit-file-share","2026-09-04"
"0CCE9224-69AE-11D9-BED3-505054503030","File Share","5144","https://learn.microsoft.com/windows/security/threat-protection/auditing/audit-file-share","2026-09-04"
"0CCE9224-69AE-11D9-BED3-505054503030","File Share","5168","https://learn.microsoft.com/windows/security/threat-protection/auditing/audit-file-share","2026-09-04"
"0CCE9226-69AE-11D9-BED3-505054503030","Filtering Platform Connection","5031","https://learn.microsoft.com/windows/security/threat-protection/auditing/audit-filtering-platform-connection","2026-09-04"
"0CCE9226-69AE-11D9-BED3-505054503030","Filtering Platform Connection","5150","https://learn.microsoft.com/windows/security/threat-protection/auditing/audit-filtering-platform-connection","2026-09-04"
"0CCE9226-69AE-11D9-BED3-505054503030","Filtering Platform Connection","5151","https://learn.microsoft.com/windows/security/threat-protection/auditing/audit-filtering-platform-connection","2026-09-04"
"0CCE9226-69AE-11D9-BED3-505054503030","Filtering Platform Connection","5154","https://learn.microsoft.com/windows/security/threat-protection/auditing/audit-filtering-platform-connection","2026-09-04"
"0CCE9226-69AE-11D9-BED3-505054503030","Filtering Platform Connection","5155","https://learn.microsoft.com/windows/security/threat-protection/auditing/audit-filtering-platform-connection","2026-09-04"
"0CCE9226-69AE-11D9-BED3-505054503030","Filtering Platform Connection","5156","https://learn.microsoft.com/windows/security/threat-protection/auditing/audit-filtering-platform-connection","2026-09-04"
"0CCE9226-69AE-11D9-BED3-505054503030","Filtering Platform Connection","5157","https://learn.microsoft.com/windows/security/threat-protection/auditing/audit-filtering-platform-connection","2026-09-04"
"0CCE9226-69AE-11D9-BED3-505054503030","Filtering Platform Connection","5158","https://learn.microsoft.com/windows/security/threat-protection/auditing/audit-filtering-platform-connection","2026-09-04"
"0CCE9226-69AE-11D9-BED3-505054503030","Filtering Platform Connection","5159","https://learn.microsoft.com/windows/security/threat-protection/auditing/audit-filtering-platform-connection","2026-09-04"
"0CCE9213-69AE-11D9-BED3-505054503030","IPsec Driver","4960","https://learn.microsoft.com/windows/security/threat-protection/auditing/audit-ipsec-driver","2026-09-04"
"0CCE9213-69AE-11D9-BED3-505054503030","IPsec Driver","4961","https://learn.microsoft.com/windows/security/threat-protection/auditing/audit-ipsec-driver","2026-09-04"
"0CCE9213-69AE-11D9-BED3-505054503030","IPsec Driver","4962","https://learn.microsoft.com/windows/security/threat-protection/auditing/audit-ipsec-driver","2026-09-04"
"0CCE9213-69AE-11D9-BED3-505054503030","IPsec Driver","4963","https://learn.microsoft.com/windows/security/threat-protection/auditing/audit-ipsec-driver","2026-09-04"
"0CCE9213-69AE-11D9-BED3-505054503030","IPsec Driver","4965","https://learn.microsoft.com/windows/security/threat-protection/auditing/audit-ipsec-driver","2026-09-04"
"0CCE9213-69AE-11D9-BED3-505054503030","IPsec Driver","5478","https://learn.microsoft.com/windows/security/threat-protection/auditing/audit-ipsec-driver","2026-09-04"
"0CCE9213-69AE-11D9-BED3-505054503030","IPsec Driver","5479","https://learn.microsoft.com/windows/security/threat-protection/auditing/audit-ipsec-driver","2026-09-04"
"0CCE9213-69AE-11D9-BED3-505054503030","IPsec Driver","5480","https://learn.microsoft.com/windows/security/threat-protection/auditing/audit-ipsec-driver","2026-09-04"
"0CCE9213-69AE-11D9-BED3-505054503030","IPsec Driver","5483","https://learn.microsoft.com/windows/security/threat-protection/auditing/audit-ipsec-driver","2026-09-04"
"0CCE9213-69AE-11D9-BED3-505054503030","IPsec Driver","5484","https://learn.microsoft.com/windows/security/threat-protection/auditing/audit-ipsec-driver","2026-09-04"
"0CCE9213-69AE-11D9-BED3-505054503030","IPsec Driver","5485","https://learn.microsoft.com/windows/security/threat-protection/auditing/audit-ipsec-driver","2026-09-04"
"0CCE9242-69AE-11D9-BED3-505054503030","Kerberos Authentication Service","4768","https://learn.microsoft.com/windows/security/threat-protection/auditing/audit-kerberos-authentication-service","2026-09-04"
"0CCE9242-69AE-11D9-BED3-505054503030","Kerberos Authentication Service","4771","https://learn.microsoft.com/windows/security/threat-protection/auditing/audit-kerberos-authentication-service","2026-09-04"
"0CCE9242-69AE-11D9-BED3-505054503030","Kerberos Authentication Service","4772","https://learn.microsoft.com/windows/security/threat-protection/auditing/audit-kerberos-authentication-service","2026-09-04"
"0CCE9240-69AE-11D9-BED3-505054503030","Kerberos Service Ticket Operations","4769","https://learn.microsoft.com/windows/security/threat-protection/auditing/audit-kerberos-service-ticket-operations","2026-09-04"
"0CCE9240-69AE-11D9-BED3-505054503030","Kerberos Service Ticket Operations","4770","https://learn.microsoft.com/windows/security/threat-protection/auditing/audit-kerberos-service-ticket-operations","2026-09-04"
"0CCE9240-69AE-11D9-BED3-505054503030","Kerberos Service Ticket Operations","4773","https://learn.microsoft.com/windows/security/threat-protection/auditing/audit-kerberos-service-ticket-operations","2026-09-04"
"0CCE9216-69AE-11D9-BED3-505054503030","Logoff","4634","https://learn.microsoft.com/windows/security/threat-protection/auditing/audit-logoff","2026-09-04"
"0CCE9216-69AE-11D9-BED3-505054503030","Logoff","4647","https://learn.microsoft.com/windows/security/threat-protection/auditing/audit-logoff","2026-09-04"
"0CCE9215-69AE-11D9-BED3-505054503030","Logon","4624","https://learn.microsoft.com/windows/security/threat-protection/auditing/audit-logon","2026-09-04"
"0CCE9215-69AE-11D9-BED3-505054503030","Logon","4625","https://learn.microsoft.com/windows/security/threat-protection/auditing/audit-logon","2026-09-04"
"0CCE9215-69AE-11D9-BED3-505054503030","Logon","4648","https://learn.microsoft.com/windows/security/threat-protection/auditing/audit-logon","2026-09-04"
"0CCE9215-69AE-11D9-BED3-505054503030","Logon","4675","https://learn.microsoft.com/windows/security/threat-protection/auditing/audit-logon","2026-09-04"
"0CCE923A-69AE-11D9-BED3-505054503030","Other Account Management Events","4782","https://learn.microsoft.com/windows/security/threat-protection/auditing/audit-other-account-management-events","2026-09-04"
"0CCE923A-69AE-11D9-BED3-505054503030","Other Account Management Events","4793","https://learn.microsoft.com/windows/security/threat-protection/auditing/audit-other-account-management-events","2026-09-04"
"0CCE921C-69AE-11D9-BED3-505054503030","Other Logon/Logoff Events","4649","https://learn.microsoft.com/windows/security/threat-protection/auditing/audit-other-logonlogoff-events","2026-09-04"
"0CCE921C-69AE-11D9-BED3-505054503030","Other Logon/Logoff Events","4778","https://learn.microsoft.com/windows/security/threat-protection/auditing/audit-other-logonlogoff-events","2026-09-04"
"0CCE921C-69AE-11D9-BED3-505054503030","Other Logon/Logoff Events","4779","https://learn.microsoft.com/windows/security/threat-protection/auditing/audit-other-logonlogoff-events","2026-09-04"
"0CCE921C-69AE-11D9-BED3-505054503030","Other Logon/Logoff Events","4800","https://learn.microsoft.com/windows/security/threat-protection/auditing/audit-other-logonlogoff-events","2026-09-04"
"0CCE921C-69AE-11D9-BED3-505054503030","Other Logon/Logoff Events","4801","https://learn.microsoft.com/windows/security/threat-protection/auditing/audit-other-logonlogoff-events","2026-09-04"
"0CCE921C-69AE-11D9-BED3-505054503030","Other Logon/Logoff Events","4802","https://learn.microsoft.com/windows/security/threat-protection/auditing/audit-other-logonlogoff-events","2026-09-04"
"0CCE921C-69AE-11D9-BED3-505054503030","Other Logon/Logoff Events","4803","https://learn.microsoft.com/windows/security/threat-protection/auditing/audit-other-logonlogoff-events","2026-09-04"
"0CCE921C-69AE-11D9-BED3-505054503030","Other Logon/Logoff Events","5378","https://learn.microsoft.com/windows/security/threat-protection/auditing/audit-other-logonlogoff-events","2026-09-04"
"0CCE921C-69AE-11D9-BED3-505054503030","Other Logon/Logoff Events","5632","https://learn.microsoft.com/windows/security/threat-protection/auditing/audit-other-logonlogoff-events","2026-09-04"
"0CCE921C-69AE-11D9-BED3-505054503030","Other Logon/Logoff Events","5633","https://learn.microsoft.com/windows/security/threat-protection/auditing/audit-other-logonlogoff-events","2026-09-04"
"0CCE9227-69AE-11D9-BED3-505054503030","Other Object Access Events","4671","https://learn.microsoft.com/windows/security/threat-protection/auditing/audit-other-object-access-events","2026-09-04"
"0CCE9227-69AE-11D9-BED3-505054503030","Other Object Access Events","4691","https://learn.microsoft.com/windows/security/threat-protection/auditing/audit-other-object-access-events","2026-09-04"
"0CCE9227-69AE-11D9-BED3-505054503030","Other Object Access Events","4698","https://learn.microsoft.com/windows/security/threat-protection/auditing/audit-other-object-access-events","2026-09-04"
"0CCE9227-69AE-11D9-BED3-505054503030","Other Object Access Events","4699","https://learn.microsoft.com/windows/security/threat-protection/auditing/audit-other-object-access-events","2026-09-04"
"0CCE9227-69AE-11D9-BED3-505054503030","Other Object Access Events","4700","https://learn.microsoft.com/windows/security/threat-protection/auditing/audit-other-object-access-events","2026-09-04"
"0CCE9227-69AE-11D9-BED3-505054503030","Other Object Access Events","4701","https://learn.microsoft.com/windows/security/threat-protection/auditing/audit-other-object-access-events","2026-09-04"
"0CCE9227-69AE-11D9-BED3-505054503030","Other Object Access Events","4702","https://learn.microsoft.com/windows/security/threat-protection/auditing/audit-other-object-access-events","2026-09-04"
"0CCE9227-69AE-11D9-BED3-505054503030","Other Object Access Events","5148","https://learn.microsoft.com/windows/security/threat-protection/auditing/audit-other-object-access-events","2026-09-04"
"0CCE9227-69AE-11D9-BED3-505054503030","Other Object Access Events","5149","https://learn.microsoft.com/windows/security/threat-protection/auditing/audit-other-object-access-events","2026-09-04"
"0CCE9227-69AE-11D9-BED3-505054503030","Other Object Access Events","5888","https://learn.microsoft.com/windows/security/threat-protection/auditing/audit-other-object-access-events","2026-09-04"
"0CCE9227-69AE-11D9-BED3-505054503030","Other Object Access Events","5889","https://learn.microsoft.com/windows/security/threat-protection/auditing/audit-other-object-access-events","2026-09-04"
"0CCE9227-69AE-11D9-BED3-505054503030","Other Object Access Events","5890","https://learn.microsoft.com/windows/security/threat-protection/auditing/audit-other-object-access-events","2026-09-04"
"0CCE9234-69AE-11D9-BED3-505054503030","Other Policy Change Events","4714","https://learn.microsoft.com/windows/security/threat-protection/auditing/audit-other-policy-change-events","2026-09-04"
"0CCE9234-69AE-11D9-BED3-505054503030","Other Policy Change Events","4819","https://learn.microsoft.com/windows/security/threat-protection/auditing/audit-other-policy-change-events","2026-09-04"
"0CCE9234-69AE-11D9-BED3-505054503030","Other Policy Change Events","4826","https://learn.microsoft.com/windows/security/threat-protection/auditing/audit-other-policy-change-events","2026-09-04"
"0CCE9234-69AE-11D9-BED3-505054503030","Other Policy Change Events","4909","https://learn.microsoft.com/windows/security/threat-protection/auditing/audit-other-policy-change-events","2026-09-04"
"0CCE9234-69AE-11D9-BED3-505054503030","Other Policy Change Events","4910","https://learn.microsoft.com/windows/security/threat-protection/auditing/audit-other-policy-change-events","2026-09-04"
"0CCE9234-69AE-11D9-BED3-505054503030","Other Policy Change Events","5063","https://learn.microsoft.com/windows/security/threat-protection/auditing/audit-other-policy-change-events","2026-09-04"
"0CCE9234-69AE-11D9-BED3-505054503030","Other Policy Change Events","5064","https://learn.microsoft.com/windows/security/threat-protection/auditing/audit-other-policy-change-events","2026-09-04"
"0CCE9234-69AE-11D9-BED3-505054503030","Other Policy Change Events","5065","https://learn.microsoft.com/windows/security/threat-protection/auditing/audit-other-policy-change-events","2026-09-04"
"0CCE9234-69AE-11D9-BED3-505054503030","Other Policy Change Events","5066","https://learn.microsoft.com/windows/security/threat-protection/auditing/audit-other-policy-change-events","2026-09-04"
"0CCE9234-69AE-11D9-BED3-505054503030","Other Policy Change Events","5067","https://learn.microsoft.com/windows/security/threat-protection/auditing/audit-other-policy-change-events","2026-09-04"
"0CCE9234-69AE-11D9-BED3-505054503030","Other Policy Change Events","5068","https://learn.microsoft.com/windows/security/threat-protection/auditing/audit-other-policy-change-events","2026-09-04"
"0CCE9234-69AE-11D9-BED3-505054503030","Other Policy Change Events","5069","https://learn.microsoft.com/windows/security/threat-protection/auditing/audit-other-policy-change-events","2026-09-04"
"0CCE9234-69AE-11D9-BED3-505054503030","Other Policy Change Events","5070","https://learn.microsoft.com/windows/security/threat-protection/auditing/audit-other-policy-change-events","2026-09-04"
"0CCE9234-69AE-11D9-BED3-505054503030","Other Policy Change Events","5447","https://learn.microsoft.com/windows/security/threat-protection/auditing/audit-other-policy-change-events","2026-09-04"
"0CCE9234-69AE-11D9-BED3-505054503030","Other Policy Change Events","6144","https://learn.microsoft.com/windows/security/threat-protection/auditing/audit-other-policy-change-events","2026-09-04"
"0CCE9234-69AE-11D9-BED3-505054503030","Other Policy Change Events","6145","https://learn.microsoft.com/windows/security/threat-protection/auditing/audit-other-policy-change-events","2026-09-04"
"0CCE9214-69AE-11D9-BED3-505054503030","Other System Events","5024","https://learn.microsoft.com/windows/security/threat-protection/auditing/audit-other-system-events","2026-09-04"
"0CCE9214-69AE-11D9-BED3-505054503030","Other System Events","5025","https://learn.microsoft.com/windows/security/threat-protection/auditing/audit-other-system-events","2026-09-04"
"0CCE9214-69AE-11D9-BED3-505054503030","Other System Events","5027","https://learn.microsoft.com/windows/security/threat-protection/auditing/audit-other-system-events","2026-09-04"
"0CCE9214-69AE-11D9-BED3-505054503030","Other System Events","5028","https://learn.microsoft.com/windows/security/threat-protection/auditing/audit-other-system-events","2026-09-04"
"0CCE9214-69AE-11D9-BED3-505054503030","Other System Events","5029","https://learn.microsoft.com/windows/security/threat-protection/auditing/audit-other-system-events","2026-09-04"
"0CCE9214-69AE-11D9-BED3-505054503030","Other System Events","5030","https://learn.microsoft.com/windows/security/threat-protection/auditing/audit-other-system-events","2026-09-04"
"0CCE9214-69AE-11D9-BED3-505054503030","Other System Events","5032","https://learn.microsoft.com/windows/security/threat-protection/auditing/audit-other-system-events","2026-09-04"
"0CCE9214-69AE-11D9-BED3-505054503030","Other System Events","5033","https://learn.microsoft.com/windows/security/threat-protection/auditing/audit-other-system-events","2026-09-04"
"0CCE9214-69AE-11D9-BED3-505054503030","Other System Events","5034","https://learn.microsoft.com/windows/security/threat-protection/auditing/audit-other-system-events","2026-09-04"
"0CCE9214-69AE-11D9-BED3-505054503030","Other System Events","5035","https://learn.microsoft.com/windows/security/threat-protection/auditing/audit-other-system-events","2026-09-04"
"0CCE9214-69AE-11D9-BED3-505054503030","Other System Events","5037","https://learn.microsoft.com/windows/security/threat-protection/auditing/audit-other-system-events","2026-09-04"
"0CCE9214-69AE-11D9-BED3-505054503030","Other System Events","5058","https://learn.microsoft.com/windows/security/threat-protection/auditing/audit-other-system-events","2026-09-04"
"0CCE9214-69AE-11D9-BED3-505054503030","Other System Events","5059","https://learn.microsoft.com/windows/security/threat-protection/auditing/audit-other-system-events","2026-09-04"
"0CCE9214-69AE-11D9-BED3-505054503030","Other System Events","6400","https://learn.microsoft.com/windows/security/threat-protection/auditing/audit-other-system-events","2026-09-04"
"0CCE9214-69AE-11D9-BED3-505054503030","Other System Events","6401","https://learn.microsoft.com/windows/security/threat-protection/auditing/audit-other-system-events","2026-09-04"
"0CCE9214-69AE-11D9-BED3-505054503030","Other System Events","6402","https://learn.microsoft.com/windows/security/threat-protection/auditing/audit-other-system-events","2026-09-04"
"0CCE9214-69AE-11D9-BED3-505054503030","Other System Events","6403","https://learn.microsoft.com/windows/security/threat-protection/auditing/audit-other-system-events","2026-09-04"
"0CCE9214-69AE-11D9-BED3-505054503030","Other System Events","6404","https://learn.microsoft.com/windows/security/threat-protection/auditing/audit-other-system-events","2026-09-04"
"0CCE9214-69AE-11D9-BED3-505054503030","Other System Events","6405","https://learn.microsoft.com/windows/security/threat-protection/auditing/audit-other-system-events","2026-09-04"
"0CCE9214-69AE-11D9-BED3-505054503030","Other System Events","6406","https://learn.microsoft.com/windows/security/threat-protection/auditing/audit-other-system-events","2026-09-04"
"0CCE9214-69AE-11D9-BED3-505054503030","Other System Events","6407","https://learn.microsoft.com/windows/security/threat-protection/auditing/audit-other-system-events","2026-09-04"
"0CCE9214-69AE-11D9-BED3-505054503030","Other System Events","6408","https://learn.microsoft.com/windows/security/threat-protection/auditing/audit-other-system-events","2026-09-04"
"0CCE9214-69AE-11D9-BED3-505054503030","Other System Events","6409","https://learn.microsoft.com/windows/security/threat-protection/auditing/audit-other-system-events","2026-09-04"
"0CCE9248-69AE-11D9-BED3-505054503030","Plug and Play","6416","https://learn.microsoft.com/windows/security/threat-protection/auditing/audit-pnp-activity","2026-09-04"
"0CCE9248-69AE-11D9-BED3-505054503030","Plug and Play","6419","https://learn.microsoft.com/windows/security/threat-protection/auditing/audit-pnp-activity","2026-09-04"
"0CCE9248-69AE-11D9-BED3-505054503030","Plug and Play","6420","https://learn.microsoft.com/windows/security/threat-protection/auditing/audit-pnp-activity","2026-09-04"
"0CCE9248-69AE-11D9-BED3-505054503030","Plug and Play","6421","https://learn.microsoft.com/windows/security/threat-protection/auditing/audit-pnp-activity","2026-09-04"
"0CCE9248-69AE-11D9-BED3-505054503030","Plug and Play","6422","https://learn.microsoft.com/windows/security/threat-protection/auditing/audit-pnp-activity","2026-09-04"
"0CCE9248-69AE-11D9-BED3-505054503030","Plug and Play","6423","https://learn.microsoft.com/windows/security/threat-protection/auditing/audit-pnp-activity","2026-09-04"
"0CCE9248-69AE-11D9-BED3-505054503030","Plug and Play","6424","https://learn.microsoft.com/windows/security/threat-protection/auditing/audit-pnp-activity","2026-09-04"
"0CCE922B-69AE-11D9-BED3-505054503030","Process Creation","4688","https://learn.microsoft.com/windows/security/threat-protection/auditing/audit-process-creation","2026-09-04"
"0CCE922B-69AE-11D9-BED3-505054503030","Process Creation","4696","https://learn.microsoft.com/windows/security/threat-protection/auditing/audit-process-creation","2026-09-04"
"0CCE9245-69AE-11D9-BED3-505054503030","Removable Storage","4656","https://learn.microsoft.com/windows/security/threat-protection/auditing/audit-removable-storage","2026-09-04"
"0CCE9245-69AE-11D9-BED3-505054503030","Removable Storage","4658","https://learn.microsoft.com/windows/security/threat-protection/auditing/audit-removable-storage","2026-09-04"
"0CCE9245-69AE-11D9-BED3-505054503030","Removable Storage","4663","https://learn.microsoft.com/windows/security/threat-protection/auditing/audit-removable-storage","2026-09-04"
"0CCE922E-69AE-11D9-BED3-505054503030","RPC Events","5712","https://learn.microsoft.com/windows/security/threat-protection/auditing/audit-rpc-events","2026-09-04"
"0CCE9220-69AE-11D9-BED3-505054503030","SAM","4661","https://learn.microsoft.com/windows/security/threat-protection/auditing/audit-sam","2026-09-04"
"0CCE9237-69AE-11D9-BED3-505054503030","Security Group Management","4727","https://learn.microsoft.com/windows/security/threat-protection/auditing/audit-security-group-management","2026-09-04"
"0CCE9237-69AE-11D9-BED3-505054503030","Security Group Management","4728","https://learn.microsoft.com/windows/security/threat-protection/auditing/audit-security-group-management","2026-09-04"
"0CCE9237-69AE-11D9-BED3-505054503030","Security Group Management","4729","https://learn.microsoft.com/windows/security/threat-protection/auditing/audit-security-group-management","2026-09-04"
"0CCE9237-69AE-11D9-BED3-505054503030","Security Group Management","4730","https://learn.microsoft.com/windows/security/threat-protection/auditing/audit-security-group-management","2026-09-04"
"0CCE9237-69AE-11D9-BED3-505054503030","Security Group Management","4731","https://learn.microsoft.com/windows/security/threat-protection/auditing/audit-security-group-management","2026-09-04"
"0CCE9237-69AE-11D9-BED3-505054503030","Security Group Management","4732","https://learn.microsoft.com/windows/security/threat-protection/auditing/audit-security-group-management","2026-09-04"
"0CCE9237-69AE-11D9-BED3-505054503030","Security Group Management","4733","https://learn.microsoft.com/windows/security/threat-protection/auditing/audit-security-group-management","2026-09-04"
"0CCE9237-69AE-11D9-BED3-505054503030","Security Group Management","4734","https://learn.microsoft.com/windows/security/threat-protection/auditing/audit-security-group-management","2026-09-04"
"0CCE9237-69AE-11D9-BED3-505054503030","Security Group Management","4735","https://learn.microsoft.com/windows/security/threat-protection/auditing/audit-security-group-management","2026-09-04"
"0CCE9237-69AE-11D9-BED3-505054503030","Security Group Management","4737","https://learn.microsoft.com/windows/security/threat-protection/auditing/audit-security-group-management","2026-09-04"
"0CCE9237-69AE-11D9-BED3-505054503030","Security Group Management","4754","https://learn.microsoft.com/windows/security/threat-protection/auditing/audit-security-group-management","2026-09-04"
"0CCE9237-69AE-11D9-BED3-505054503030","Security Group Management","4755","https://learn.microsoft.com/windows/security/threat-protection/auditing/audit-security-group-management","2026-09-04"
"0CCE9237-69AE-11D9-BED3-505054503030","Security Group Management","4756","https://learn.microsoft.com/windows/security/threat-protection/auditing/audit-security-group-management","2026-09-04"
"0CCE9237-69AE-11D9-BED3-505054503030","Security Group Management","4757","https://learn.microsoft.com/windows/security/threat-protection/auditing/audit-security-group-management","2026-09-04"
"0CCE9237-69AE-11D9-BED3-505054503030","Security Group Management","4758","https://learn.microsoft.com/windows/security/threat-protection/auditing/audit-security-group-management","2026-09-04"
"0CCE9237-69AE-11D9-BED3-505054503030","Security Group Management","4764","https://learn.microsoft.com/windows/security/threat-protection/auditing/audit-security-group-management","2026-09-04"
"0CCE9237-69AE-11D9-BED3-505054503030","Security Group Management","4799","https://learn.microsoft.com/windows/security/threat-protection/auditing/audit-security-group-management","2026-09-04"
"0CCE9210-69AE-11D9-BED3-505054503030","Security State Change","4608","https://learn.microsoft.com/windows/security/threat-protection/auditing/audit-security-state-change","2026-09-04"
"0CCE9210-69AE-11D9-BED3-505054503030","Security State Change","4609","https://learn.microsoft.com/windows/security/threat-protection/auditing/audit-security-state-change","2026-09-04"
"0CCE9210-69AE-11D9-BED3-505054503030","Security State Change","4616","https://learn.microsoft.com/windows/security/threat-protection/auditing/audit-security-state-change","2026-09-04"
"0CCE9210-69AE-11D9-BED3-505054503030","Security State Change","4621","https://learn.microsoft.com/windows/security/threat-protection/auditing/audit-security-state-change","2026-09-04"
"0CCE9211-69AE-11D9-BED3-505054503030","Security System Extension","4610","https://learn.microsoft.com/windows/security/threat-protection/auditing/audit-security-system-extension","2026-09-04"
"0CCE9211-69AE-11D9-BED3-505054503030","Security System Extension","4611","https://learn.microsoft.com/windows/security/threat-protection/auditing/audit-security-system-extension","2026-09-04"
"0CCE9211-69AE-11D9-BED3-505054503030","Security System Extension","4614","https://learn.microsoft.com/windows/security/threat-protection/auditing/audit-security-system-extension","2026-09-04"
"0CCE9211-69AE-11D9-BED3-505054503030","Security System Extension","4622","https://learn.microsoft.com/windows/security/threat-protection/auditing/audit-security-system-extension","2026-09-04"
"0CCE9211-69AE-11D9-BED3-505054503030","Security System Extension","4697","https://learn.microsoft.com/windows/security/threat-protection/auditing/audit-security-system-extension","2026-09-04"
"0CCE9228-69AE-11D9-BED3-505054503030","Sensitive Privilege Use","4673","https://learn.microsoft.com/windows/security/threat-protection/auditing/audit-sensitive-privilege-use","2026-09-04"
"0CCE9228-69AE-11D9-BED3-505054503030","Sensitive Privilege Use","4674","https://learn.microsoft.com/windows/security/threat-protection/auditing/audit-sensitive-privilege-use","2026-09-04"
"0CCE9228-69AE-11D9-BED3-505054503030","Sensitive Privilege Use","4985","https://learn.microsoft.com/windows/security/threat-protection/auditing/audit-sensitive-privilege-use","2026-09-04"
"0CCE921B-69AE-11D9-BED3-505054503030","Special Logon","4672","https://learn.microsoft.com/windows/security/threat-protection/auditing/audit-special-logon","2026-09-04"
"0CCE921B-69AE-11D9-BED3-505054503030","Special Logon","4964","https://learn.microsoft.com/windows/security/threat-protection/auditing/audit-special-logon","2026-09-04"
"0CCE9212-69AE-11D9-BED3-505054503030","System Integrity","4612","https://learn.microsoft.com/windows/security/threat-protection/auditing/audit-system-integrity","2026-09-04"
"0CCE9212-69AE-11D9-BED3-505054503030","System Integrity","4615","https://learn.microsoft.com/windows/security/threat-protection/auditing/audit-system-integrity","2026-09-04"
"0CCE9212-69AE-11D9-BED3-505054503030","System Integrity","4618","https://learn.microsoft.com/windows/security/threat-protection/auditing/audit-system-integrity","2026-09-04"
"0CCE9212-69AE-11D9-BED3-505054503030","System Integrity","4816","https://learn.microsoft.com/windows/security/threat-protection/auditing/audit-system-integrity","2026-09-04"
"0CCE9212-69AE-11D9-BED3-505054503030","System Integrity","5038","https://learn.microsoft.com/windows/security/threat-protection/auditing/audit-system-integrity","2026-09-04"
"0CCE9212-69AE-11D9-BED3-505054503030","System Integrity","5056","https://learn.microsoft.com/windows/security/threat-protection/auditing/audit-system-integrity","2026-09-04"
"0CCE9212-69AE-11D9-BED3-505054503030","System Integrity","5057","https://learn.microsoft.com/windows/security/threat-protection/auditing/audit-system-integrity","2026-09-04"
"0CCE9212-69AE-11D9-BED3-505054503030","System Integrity","5060","https://learn.microsoft.com/windows/security/threat-protection/auditing/audit-system-integrity","2026-09-04"
"0CCE9212-69AE-11D9-BED3-505054503030","System Integrity","5061","https://learn.microsoft.com/windows/security/threat-protection/auditing/audit-system-integrity","2026-09-04"
"0CCE9212-69AE-11D9-BED3-505054503030","System Integrity","5062","https://learn.microsoft.com/windows/security/threat-protection/auditing/audit-system-integrity","2026-09-04"
"0CCE9212-69AE-11D9-BED3-505054503030","System Integrity","6281","https://learn.microsoft.com/windows/security/threat-protection/auditing/audit-system-integrity","2026-09-04"
"0CCE9212-69AE-11D9-BED3-505054503030","System Integrity","6410","https://learn.microsoft.com/windows/security/threat-protection/auditing/audit-system-integrity","2026-09-04"
"0CCE9235-69AE-11D9-BED3-505054503030","User Account Management","4720","https://learn.microsoft.com/windows/security/threat-protection/auditing/audit-user-account-management","2026-09-04"
"0CCE9235-69AE-11D9-BED3-505054503030","User Account Management","4722","https://learn.microsoft.com/windows/security/threat-protection/auditing/audit-user-account-management","2026-09-04"
"0CCE9235-69AE-11D9-BED3-505054503030","User Account Management","4723","https://learn.microsoft.com/windows/security/threat-protection/auditing/audit-user-account-management","2026-09-04"
"0CCE9235-69AE-11D9-BED3-505054503030","User Account Management","4724","https://learn.microsoft.com/windows/security/threat-protection/auditing/audit-user-account-management","2026-09-04"
"0CCE9235-69AE-11D9-BED3-505054503030","User Account Management","4725","https://learn.microsoft.com/windows/security/threat-protection/auditing/audit-user-account-management","2026-09-04"
"0CCE9235-69AE-11D9-BED3-505054503030","User Account Management","4726","https://learn.microsoft.com/windows/security/threat-protection/auditing/audit-user-account-management","2026-09-04"
"0CCE9235-69AE-11D9-BED3-505054503030","User Account Management","4738","https://learn.microsoft.com/windows/security/threat-protection/auditing/audit-user-account-management","2026-09-04"
"0CCE9235-69AE-11D9-BED3-505054503030","User Account Management","4740","https://learn.microsoft.com/windows/security/threat-protection/auditing/audit-user-account-management","2026-09-04"
"0CCE9235-69AE-11D9-BED3-505054503030","User Account Management","4765","https://learn.microsoft.com/windows/security/threat-protection/auditing/audit-user-account-management","2026-09-04"
"0CCE9235-69AE-11D9-BED3-505054503030","User Account Management","4766","https://learn.microsoft.com/windows/security/threat-protection/auditing/audit-user-account-management","2026-09-04"
"0CCE9235-69AE-11D9-BED3-505054503030","User Account Management","4767","https://learn.microsoft.com/windows/security/threat-protection/auditing/audit-user-account-management","2026-09-04"
"0CCE9235-69AE-11D9-BED3-505054503030","User Account Management","4780","https://learn.microsoft.com/windows/security/threat-protection/auditing/audit-user-account-management","2026-09-04"
"0CCE9235-69AE-11D9-BED3-505054503030","User Account Management","4781","https://learn.microsoft.com/windows/security/threat-protection/auditing/audit-user-account-management","2026-09-04"
"0CCE9235-69AE-11D9-BED3-505054503030","User Account Management","4794","https://learn.microsoft.com/windows/security/threat-protection/auditing/audit-user-account-management","2026-09-04"
"0CCE9235-69AE-11D9-BED3-505054503030","User Account Management","4798","https://learn.microsoft.com/windows/security/threat-protection/auditing/audit-user-account-management","2026-09-04"
"0CCE9235-69AE-11D9-BED3-505054503030","User Account Management","5376","https://learn.microsoft.com/windows/security/threat-protection/auditing/audit-user-account-management","2026-09-04"
"0CCE9235-69AE-11D9-BED3-505054503030","User Account Management","5377","https://learn.microsoft.com/windows/security/threat-protection/auditing/audit-user-account-management","2026-09-04"
